title,link,source,date
"""8일서울숲서 무료 힙합 공연 열려요""…양동근·넉살 등 출연",https://www.yna.co.kr/view/AKR20240604059700004?input=1195m,연합뉴스,2024-06-05
스포츠서울·맨발걷기국민운동본부 맞손! 29일서울숲서 '제1회 K-맨발걷기 페...,https://mydaily.co.kr/page/view/2024060416141675202,마이데일리,2024-06-05
제1회 ‘서울 K-맨발걷기 페스티벌’ 6월 29일서울숲서 개최,https://www.sportsseoul.com/news/read/1434283?ref=naver,스포츠서울,2024-06-04
"포레포레,서울숲스토어서 플리마켓·팝업스토어 대성공",http://www.ktnews.com/news/articleView.html?idxno=133322,한국섬유신문,2024-06-05
'제1회 K-어싱 축제' 성료..서울숲에서 400여 시민 함께한 맨발 축제,http://kpenews.com/View.aspx?No=3253784,한국정경신문,2024-06-04
"'제1회 K-어싱 축제', 시민과 함께한 맨발축제 성공적인 개최",http://www.fntoday.co.kr/news/articleView.html?idxno=322012,파이낸스투데이,2024-06-05
〔브랜드〕제1회 K어싱 축제 시민과 함께한 맨발축제 성공적인 개최,http://www.fntoday.co.kr/news/articleView.html?idxno=321917,파이낸스투데이,2024-06-05
"‘춘천 관광 팝업스토어’,서울숲인근에서 운영",https://news.kbs.co.kr/news/pc/view/view.do?ncd=7977137&ref=A,KBS,2024-06-01
이제 K-어싱 시대…누구나 맨발로 걷는 축제 열린다,https://www.mk.co.kr/article/11028597,매일경제,2024-05-31
춤과 어싱이 결합한 제1회 K-어싱축제 개최...,http://www.livesnews.com/news/article.html?no=41153,라이브팜뉴스,2024-06-03
"현대글로비스,서울숲에서 환경정화 플로깅",https://www.khan.co.kr/economy/business/article/202405210909001,경향신문,2024-06-06
"""지금, 올레?""…제주올레,서울숲걷기학교 인기",https://www.yna.co.kr/view/AKR20240521075700056?input=1195m,연합뉴스,2024-06-06
"SM,서울숲내 ‘광야숲’ 확대…생태환경보전 앞장선다",https://www.sportsworldi.com/newsView/20240522504365,스포츠월드,2024-06-06
"[게시판] SOOP, 스트리머와 함께하는 애장품 자선 판매행사",https://www.yna.co.kr/view/AKR20240517050700017?input=1195m,연합뉴스,2024-06-06
"자생한방병원, 건강 되찾은 환우들과서울숲건강걷기대회 열어",https://www.rapportian.com/news/articleView.html?idxno=207221,라포르시안,2024-06-06
"에쓰푸드, 신규 치즈 브랜드 ‘치즈문’ 론칭행사성료",http://www.edaily.co.kr/news/newspath.asp?newsid=02768326638890888,이데일리,2024-06-06
"[동네한바퀴] '서울 핫플' 놀거리 코스, 이번 주는 성수 찍고서울숲어때?",http://www.dailypop.kr/news/articleView.html?idxno=78255,데일리팝,2024-06-06
"호남대 인사연, 외국인 유학생 '글로벌 리터러시 문화탐방행사' 진행",http://www.veritas-a.com/news/articleView.html?idxno=506240,베리타스알파,2024-06-06
"[하루만보하루천자]서울서도, 어린이도 다 같이 '제주올레'",https://view.asiae.co.kr/article/2024052212532250156,아시아경제,2024-06-06
제21회 서울국제환경영화제 다채로운 ‘에코토크’행사진행,https://www.vegannews.co.kr/news/article.html?no=21563,비건뉴스,2024-06-06
"BYN블랙야크그룹 나우, 환경의 날 맞이 다양한 캠페인 펼쳐",https://www.news1.kr/articles/5435286,뉴스1,2024-06-04
라이트하우스서울숲기부 하이킹 참여,https://www.goodnews1.com/news/articleView.html?idxno=434656,데일리굿뉴스,2024-06-06
제1회 K-어싱축제 개최...춤과 어싱이 결합한 우리나라 최초 축제,https://www.news2day.co.kr/article/20240513500125,뉴스투데이,2024-06-06
"락앤락, ‘지구의 날 베트남 2024’행사서 플로깅 진행",http://www.lawissue.co.kr/view.php?ud=202405092128235080204ead0791_12,로이슈,2024-06-06
[하루만보하루천자]한국과 베트남서 글로벌 '플로깅' 락앤락,https://view.asiae.co.kr/article/2024050910460375437,아시아경제,2024-06-06
"자연과 맨발로 소통하는 '제1회 K-어싱 축제', 수앤진컴퍼니의 손길로 완성",http://www.fntoday.co.kr/news/articleView.html?idxno=320833,파이낸스투데이,2024-06-06
서울숲서 그림책 거장 에릭 칼 작품 만난다…동심 문화여행,https://www.newsis.com/view/?id=NISX20240423_0002710418&cID=10801&pID=14000,뉴시스언론사 선정,2024-04-24
"성동구, 성수동 일대 탄소흡수정원 조성",https://www.siminilbo.co.kr/news/newsview.php?ncode=1160285298341776,시민일보,2024-06-05
"피그마리온, 춘천시와 함께한 팝업스토어 '춘천행 매표소' 성황리 종료",https://www.thebilliards.kr/news/articleView.html?idxno=25431,빌리어즈,2024-06-05
"제16회 렙타일페어 in 서울, 17일부터 18일까지서울숲에서 개최",https://www.gokorea.kr/news/articleView.html?idxno=750610,공감신문,2024-02-15
황금연휴 해외여행 계획 늦었다면... 어린이날 가볼 만한 국내 여행지,https://www.ajunews.com/view/20240503150013880,아주경제,2024-05-04
"락앤락, 대학생 서포터즈와서울숲서 플로깅행사진행",https://www.etnews.com/20231026000103,전자신문,2023-10-26
12월엔서울숲에서 '서울숲따숲네 살롱' 축제 즐겨요,http://tbs.seoul.kr/news/newsView.do?typ_800=7&idx_800=3511189&seq_800=20503868,TBS,2023-11-24
"""소비자본주의에서 벗어나, 이제는 다시 입을 차례""",https://www.ohmynews.com/NWS_Web/View/at_pg.aspx?CNTN_CD=A0003033546&CMPT_CD=P0010&utm_source=naver&utm_medium=newsearch&utm_campaign=naver_news,오마이뉴스,2024-06-06
"“엠제코(MZ+ECO) 잡아라!” 리유저블, 업사이클로 환경 보호 앞장서는 기업들",http://www.segye.com/newsView/20240605503585?OutUrl=naver,세계일보,2024-06-05
서울숲맨발맨발쌤 김도남 회장의 신간 '맨발 걷기' 출판기념회 성료,https://www.job-post.co.kr/news/articleView.html?idxno=88686,잡포스트,2023-11-09
"성동구,서울숲아이꿈누리터 개소 1주년 맞아 자축행사개최",https://www.siminilbo.co.kr/news/newsview.php?ncode=1160286016543510,시민일보,2023-07-25
"국제맨발걷기협회,서울숲맨발맨발쌤 김도남 회장의 신간 '맨발걷기' 출판기...",https://www.lecturernews.com/news/articleView.html?idxno=139706,한국강사신문,2023-11-08
"'2XU',서울숲플래그십 스토어 오픈행사성료",http://www.bizwnews.com/news/articleView.html?idxno=61044,비즈월드,2023-07-03
"'2XU',서울숲플래그십 스토어 오픈행사성황리에 마쳐",https://www.mhns.co.kr/news/articleView.html?idxno=556537,문화뉴스,2023-07-05
"‘2XU’,서울숲플래그십 스토어 오픈행사성료",http://www.globalepic.co.kr/view.php?ud=2023070315362837399aeda69934_29,글로벌에픽,2023-07-04
"라이트하우스서울숲-심센터, 성수동 플로깅행사진행",https://www.goodnews1.com/news/articleView.html?idxno=422535,데일리굿뉴스,2023-06-14
"남성 뷰티 '무슈제이', 13일에서울숲직장인 타깃 '출동'…""체험하고, 성수 ...",https://www.ziksir.com/news/articleView.html?idxno=42344,직썰,2023-09-08
"무슈제이,서울숲직장인 대상 이벤트 성료",https://idsn.co.kr/news/view/1065578886816862,매일안전신문,2023-09-14
쉬어가는 도시 서울…'쉬엄쉬엄 한강 3종 축제'·'K-비어 페스티벌' 外 [주말...,https://www.etoday.co.kr/news/view/2365763,이투데이,2024-06-02
"서울숲야간축제, 그림책도서관․숲탐험․모기장캠핑 등 다채로운 야간 프로그...",https://www.lecturernews.com/news/articleView.html?idxno=132694,한국강사신문,2023-08-05
"서울시, 무더위를 피해 떠나는서울숲야간축제 '야호夜好서울숲' 개최",https://www.discoverynews.kr/news/articleView.html?idxno=1030876,디스커버리뉴스,2023-08-04
무더위를 피해 떠나는서울숲야간축제 ‘야호(夜好)!서울숲’,https://www.viva100.com/main/view.php?key=20230803010001003,브릿지경제,2023-08-03
"다람쥐 없고, 박새 드물고···서울숲에선 사람과 동물 중 누가 우선?",https://www.khan.co.kr/environment/environment-general/article/202307021621001,경향신문,2023-07-02
[어린이날 가볼만한곳 서울 편] 디자인 동물원→서울숲...축제 PICK 5,https://www.mhns.co.kr/news/articleView.html?idxno=587024,문화뉴스,2024-05-04
"성동구, 26일서울숲야외무대서 장애인의 날행사",https://www.siminilbo.co.kr/news/newsview.php?ncode=1160283457713254,시민일보,2024-04-25
‘맨발걷기’ 열풍…이젠 페스티벌로!,https://sports.donga.com/article/all/20240603/125255360/2,스포츠동아,2024-06-04
하이엔드 오브제 타월 '테토' 국내 넘어 글로벌 GO,https://www.fashionbiz.co.kr/208296,패션비즈,2024-06-05
‘숲트리머’들의 ‘숲가락’ 기부…SOOP의 이색 퍼네이션 캠페인 눈길,https://economist.co.kr/article/view/ecn202406030016,이코노미스트,2024-06-04
"한국BMS제약, 걷기 후원행사통해 청년 암환자 응원",https://kormedi.com/?p=1622749,코메디닷컴,2023-09-19
"리사이클팜, 미스코리아 등과 지구 살리기 팝업 이벤트",http://www.fnnews.com/news/202311011745533960,파이낸셜뉴스,2023-11-01
"""암환자를 위한 소중한 발걸음""…한국BMS제약, 걷기후원행사개최",http://www.k-health.com/news/articleView.html?idxno=67215,헬스경향,2023-09-18
"""건강한 삶 관심도 역시""...서울관광재단, 서울 웰니스 위크 '인기 폭발'",http://www.tournews21.com/news/articleView.html?idxno=63560,투어코리아뉴스,2023-10-24
씰리 '엑스퀴짓Ⅱ' 3분기 매출 쑥…전년대비 30% 증가[중기소식],http://www.newsis.com/view/?id=NISX20231026_0002497885&cID=10433&pID=13000,뉴시스,2023-10-26
광화문광장-서울숲이 야외 공연장으로,https://www.donga.com/news/Society/article/all/20240418/124552118/1,동아일보언론사 선정,2024-06-06
"손예진, 제28회 BIFAN ‘배우 특별전’ 주인공 [엔터 브리프]",http://starin.edaily.co.kr/news/newspath.asp?newsid=01088966638891872,이데일리,2024-06-06
광화문광장·서울숲·잠수교 등 도심 50곳서 거리공연 2240회 펼쳐진다,https://www.news1.kr/articles/5388468,뉴스1,2024-04-18
“추석 연휴 가족과 즐기세요” 서울 곳곳 체험행사열려,https://www.chosun.com/national/national_general/2023/09/12/AVZLR5T4TJEG5LPYILX3655WSQ/?utm_source=naver&utm_medium=referral&utm_campaign=naver-news,조선일보,2023-09-12
"창사 40주년 맞은 SKT,서울숲환경 정화 자원봉사 진행",https://www.newsis.com/view/?id=NISX20240331_0002681722&cID=13004&pID=13100,뉴시스,2024-03-31
"저축은행중앙회,서울숲서 '플로깅' 자원봉사 펼쳐",http://www.seoulfn.com/news/articleView.html?idxno=515504,서울파이낸스,2024-04-02
"SKT 임직원, 창사 40주년 맞아서울숲환경 정화 봉사활동 참여",http://www.wsobi.com/news/articleView.html?idxno=235764,여성소비자신문,2024-04-01
"SK텔레콤 임직원, 창사40년 맞아서울숲정화활동",https://www.busan.com/view/busan/view.php?code=2024033110191625893,부산일보,2024-03-31
"저축은행중앙회, 임직원 봉사단서울숲환경정화활동",http://www.segyebiz.com/newsView/20240403511518?OutUrl=naver,세계비즈,2024-04-03
주말 어린이날 대체공휴일 서울전역에서 다채로운 축제와행사열려,https://www.lecturernews.com/news/articleView.html?idxno=151590,한국강사신문,2024-05-01
[어린이날행사] 서커스·놀이·캠핑...서울 가볼만한 곳 어디?,https://www.gukjenews.com/news/articleView.html?idxno=2986052,국제뉴스,2024-05-04
에임드 '피리부는 강아지' 피크닉행사성료,http://www.tgdaily.co.kr/news/articleView.html?idxno=325526,더게임스데일리,2023-06-12
어린이날 ‘비바람’에행사줄줄이 취소…실내는 ‘북적’[포착],https://www.kmib.co.kr/article/view.asp?arcid=0020067963&code=61121111&cp=nv,국민일보언론사 선정,2024-05-05
"""비 와도 신나요"" 어린이날 실내행사장 '북적'(종합)",https://www.yna.co.kr/view/AKR20240505016201004?input=1195m,연합뉴스,2024-05-05
야속한 '5월 5일' 비…어린이날행사·프로야구 취소 잇달아,https://www.newsworks.co.kr/news/articleView.html?idxno=752013,뉴스웍스,2024-05-05
"무슈제이,서울숲직장인 대상 체험 이벤트 성료",https://www.newscj.com/news/articleView.html?idxno=3063596,천지일보,2023-09-14
"현대글로비스, 봄나들이철 맞아 환경정화 '플로깅' 활동 실시",http://www.edaily.co.kr/news/newspath.asp?newsid=01551446638891216,이데일리,2024-06-06
쉬어가는 도시 서울…'쉬엄쉬엄 한강 3종 축제'·'K-비어 페스티벌' 外 [주말...,https://www.etoday.co.kr/news/view/2365763,이투데이,2024-06-02
"서울숲야간축제, 그림책도서관․숲탐험․모기장캠핑 등 다채로운 야간 프로그...",https://www.lecturernews.com/news/articleView.html?idxno=132694,한국강사신문,2023-08-05
"서울시, 무더위를 피해 떠나는서울숲야간축제 '야호夜好서울숲' 개최",https://www.discoverynews.kr/news/articleView.html?idxno=1030876,디스커버리뉴스,2023-08-04
"자생한방병원, 건강 되찾은 환우들과 ‘자사모 건강걷기 대회’ 성료",https://www.etoday.co.kr/news/view/2362672,이투데이,2024-06-06
무더위를 피해 떠나는서울숲야간축제 ‘야호(夜好)!서울숲’,https://www.viva100.com/main/view.php?key=20230803010001003,브릿지경제,2023-08-03
무더위를 피해 떠나는서울숲야간축제 ‘야호(夜好)!서울숲’,https://www.viva100.com/main/view.php?key=20230803010001003,브릿지경제,2023-08-03
"다람쥐 없고, 박새 드물고···서울숲에선 사람과 동물 중 누가 우선?",https://www.khan.co.kr/environment/environment-general/article/202307021621001,경향신문,2023-07-02
"현대글로비스 임직원, 성수동 사옥 주변서 플로깅 활동",https://news.heraldcorp.com/view.php?ud=20240521050076,헤럴드경제,2024-06-06
"다람쥐 없고, 박새 드물고···서울숲에선 사람과 동물 중 누가 우선?",https://www.khan.co.kr/environment/environment-general/article/202307021621001,경향신문,2023-07-02
"현대글로비스 임직원, 성수동 사옥 주변서 플로깅 활동",https://news.heraldcorp.com/view.php?ud=20240521050076,헤럴드경제,2024-06-06
[어린이날 가볼만한곳 서울 편] 디자인 동물원→서울숲...축제 PICK 5,https://www.mhns.co.kr/news/articleView.html?idxno=587024,문화뉴스,2024-05-04
[어린이날 가볼만한곳 서울 편] 디자인 동물원→서울숲...축제 PICK 5,https://www.mhns.co.kr/news/articleView.html?idxno=587024,문화뉴스,2024-05-04
"현대글로비스 임직원, 플로깅 통해 환경보호 앞장",https://www.asiatoday.co.kr/view.php?key=20240521010010178,아시아투데이,2024-06-06
"성동구, 26일서울숲야외무대서 장애인의 날행사",https://www.siminilbo.co.kr/news/newsview.php?ncode=1160283457713254,시민일보,2024-04-25
‘맨발걷기’ 열풍…이젠 페스티벌로!,https://sports.donga.com/article/all/20240603/125255360/2,스포츠동아,2024-06-04
[어린이날 가볼만한곳 서울 편] 디자인 동물원→서울숲...축제 PICK 5,https://www.mhns.co.kr/news/articleView.html?idxno=587024,문화뉴스,2024-05-04
"현대글로비스 임직원, 플로깅 통해 환경보호 앞장",https://www.asiatoday.co.kr/view.php?key=20240521010010178,아시아투데이,2024-06-06
"성동구, 26일서울숲야외무대서 장애인의 날행사",https://www.siminilbo.co.kr/news/newsview.php?ncode=1160283457713254,시민일보,2024-04-25
‘맨발걷기’ 열풍…이젠 페스티벌로!,https://sports.donga.com/article/all/20240603/125255360/2,스포츠동아,2024-06-04
‘맨발걷기’ 열풍…이젠 페스티벌로!,https://sports.donga.com/article/all/20240603/125255360/2,스포츠동아,2024-06-04
"자생한방병원, 건강 되찾은 환우들과 ‘건강 걷기 대회’ 개최",https://www.viva100.com/main/view.php?key=20240523010007154,브릿지경제,2024-06-06
"현대글로비스, 서울 성수동 사옥 주변 환경 정화 플로깅 실시",https://www.newspim.com/news/view/20240521000125,뉴스핌,2024-06-06
5월 4~18일까지 '봄봄서울숲축제' 진행…야외 공연 열린다,https://www.news1.kr/articles/5394351,뉴스1,2024-04-24
하이엔드 오브제 타월 '테토' 국내 넘어 글로벌 GO,https://www.fashionbiz.co.kr/208296,패션비즈,2024-06-05
"현대글로비스, 서울 성수동 사옥 주변 환경 정화 플로깅 실시",https://www.newspim.com/news/view/20240521000125,뉴스핌,2024-06-06
5월 4~18일까지 '봄봄서울숲축제' 진행…야외 공연 열린다,https://www.news1.kr/articles/5394351,뉴스1,2024-04-24
하이엔드 오브제 타월 '테토' 국내 넘어 글로벌 GO,https://www.fashionbiz.co.kr/208296,패션비즈,2024-06-05
"현대글로비스, 서울 성수동 사옥 주변 환경 정화 플로깅 실시",https://www.newspim.com/news/view/20240521000125,뉴스핌,2024-06-06
5월 4~18일까지 '봄봄서울숲축제' 진행…야외 공연 열린다,https://www.news1.kr/articles/5394351,뉴스1,2024-04-24
하이엔드 오브제 타월 '테토' 국내 넘어 글로벌 GO,https://www.fashionbiz.co.kr/208296,패션비즈,2024-06-05
‘숲트리머’들의 ‘숲가락’ 기부…SOOP의 이색 퍼네이션 캠페인 눈길,https://economist.co.kr/article/view/ecn202406030016,이코노미스트,2024-06-04
"현대글로비스, 서울 성수동 사옥 주변 환경 정화 플로깅 실시",https://www.newspim.com/news/view/20240521000125,뉴스핌,2024-06-06
5월 4~18일까지 '봄봄서울숲축제' 진행…야외 공연 열린다,https://www.news1.kr/articles/5394351,뉴스1,2024-04-24
하이엔드 오브제 타월 '테토' 국내 넘어 글로벌 GO,https://www.fashionbiz.co.kr/208296,패션비즈,2024-06-05
‘숲트리머’들의 ‘숲가락’ 기부…SOOP의 이색 퍼네이션 캠페인 눈길,https://economist.co.kr/article/view/ecn202406030016,이코노미스트,2024-06-04
"한국BMS제약, 걷기 후원행사통해 청년 암환자 응원",https://kormedi.com/?p=1622749,코메디닷컴,2023-09-19
"리사이클팜, 미스코리아 등과 지구 살리기 팝업 이벤트",http://www.fnnews.com/news/202311011745533960,파이낸셜뉴스,2023-11-01
"현대글로비스, 서울 성수동사옥 주변 환경 정화",https://www.autodaily.co.kr/news/articleView.html?idxno=519456,엠투데이,2024-06-06
‘숲트리머’들의 ‘숲가락’ 기부…SOOP의 이색 퍼네이션 캠페인 눈길,https://economist.co.kr/article/view/ecn202406030016,이코노미스트,2024-06-04
"한국BMS제약, 걷기 후원행사통해 청년 암환자 응원",https://kormedi.com/?p=1622749,코메디닷컴,2023-09-19
"리사이클팜, 미스코리아 등과 지구 살리기 팝업 이벤트",http://www.fnnews.com/news/202311011745533960,파이낸셜뉴스,2023-11-01
"""암환자를 위한 소중한 발걸음""…한국BMS제약, 걷기후원행사개최",http://www.k-health.com/news/articleView.html?idxno=67215,헬스경향,2023-09-18
"""건강한 삶 관심도 역시""...서울관광재단, 서울 웰니스 위크 '인기 폭발'",http://www.tournews21.com/news/articleView.html?idxno=63560,투어코리아뉴스,2023-10-24
씰리 '엑스퀴짓Ⅱ' 3분기 매출 쑥…전년대비 30% 증가[중기소식],http://www.newsis.com/view/?id=NISX20231026_0002497885&cID=10433&pID=13000,뉴시스,2023-10-26
"한국BMS제약, 걷기 후원행사통해 청년 암환자 응원",https://kormedi.com/?p=1622749,코메디닷컴,2023-09-19
"리사이클팜, 미스코리아 등과 지구 살리기 팝업 이벤트",http://www.fnnews.com/news/202311011745533960,파이낸셜뉴스,2023-11-01
"""암환자를 위한 소중한 발걸음""…한국BMS제약, 걷기후원행사개최",http://www.k-health.com/news/articleView.html?idxno=67215,헬스경향,2023-09-18
"현대글로비스, 서울 성수동 사옥 주변 환경 정화 플로깅 실시",https://www.ekn.kr/web/view.php?key=20240521024240417,에너지경제,2024-06-06
"""건강한 삶 관심도 역시""...서울관광재단, 서울 웰니스 위크 '인기 폭발'",http://www.tournews21.com/news/articleView.html?idxno=63560,투어코리아뉴스,2023-10-24
씰리 '엑스퀴짓Ⅱ' 3분기 매출 쑥…전년대비 30% 증가[중기소식],http://www.newsis.com/view/?id=NISX20231026_0002497885&cID=10433&pID=13000,뉴시스,2023-10-26
광화문광장-서울숲이 야외 공연장으로,https://www.donga.com/news/Society/article/all/20240418/124552118/1,동아일보언론사 선정,2024-06-06
"손예진, 제28회 BIFAN ‘배우 특별전’ 주인공 [엔터 브리프]",http://starin.edaily.co.kr/news/newspath.asp?newsid=01088966638891872,이데일리,2024-06-06
광화문광장·서울숲·잠수교 등 도심 50곳서 거리공연 2240회 펼쳐진다,https://www.news1.kr/articles/5388468,뉴스1,2024-04-18
“추석 연휴 가족과 즐기세요” 서울 곳곳 체험행사열려,https://www.chosun.com/national/national_general/2023/09/12/AVZLR5T4TJEG5LPYILX3655WSQ/?utm_source=naver&utm_medium=referral&utm_campaign=naver-news,조선일보,2023-09-12
“추석 연휴 가족과 즐기세요” 서울 곳곳 체험행사열려,https://www.chosun.com/national/national_general/2023/09/12/AVZLR5T4TJEG5LPYILX3655WSQ/?utm_source=naver&utm_medium=referral&utm_campaign=naver-news,조선일보,2023-09-12
"창사 40주년 맞은 SKT,서울숲환경 정화 자원봉사 진행",https://www.newsis.com/view/?id=NISX20240331_0002681722&cID=13004&pID=13100,뉴시스,2024-03-31
"자생한방병원, 건강 되찾은 환우들과 건강걷기 대회 성료",https://www.healthinnews.co.kr/news/articleView.html?idxno=47076,헬스인뉴스,2024-06-06
"저축은행중앙회,서울숲서 '플로깅' 자원봉사 펼쳐",http://www.seoulfn.com/news/articleView.html?idxno=515504,서울파이낸스,2024-04-02
"SOOP, 스트리머와 함께 하는 플리마켓 개최",https://www.dailian.co.kr/news/view/1362077/?sc=Naver,데일리안,2024-06-06
"SKT 임직원, 창사 40주년 맞아서울숲환경 정화 봉사활동 참여",http://www.wsobi.com/news/articleView.html?idxno=235764,여성소비자신문,2024-04-01
"현대글로비스, 서울 사옥 주변 환경정화 플로깅 실시",http://www.biztribune.co.kr/news/articleView.html?idxno=312525,비즈트리뷴,2024-06-06
"SK텔레콤 임직원, 창사40년 맞아서울숲정화활동",https://www.busan.com/view/busan/view.php?code=2024033110191625893,부산일보,2024-03-31
키즈 편집숍 '포레포레' 라이징 브랜드 팝업 성공적,https://www.fashionbiz.co.kr/208266,패션비즈,2024-06-05
"SK텔레콤, 창사 40주년 기념 ESG 활동 공헌..서울숲환경 정화 임직원 봉사 실...",http://kpenews.com/View.aspx?No=3180366,한국정경신문,2024-04-01
"현대글로비스, 서울 사옥 주변 환경정화 플로깅 실시",http://www.biztribune.co.kr/news/articleView.html?idxno=312525,비즈트리뷴,2024-06-06
"SKT, 창사 40주년 맞아서울숲환경 정화 봉사활동",http://www.fnnews.com/news/202403311103360453,파이낸셜뉴스,2024-03-31
"SK텔레콤 임직원, 창사40년 맞아서울숲정화활동",https://www.busan.com/view/busan/view.php?code=2024033110191625893,부산일보,2024-03-31
키즈 편집숍 '포레포레' 라이징 브랜드 팝업 성공적,https://www.fashionbiz.co.kr/208266,패션비즈,2024-06-05
"저축은행중앙회, 임직원 봉사단서울숲환경정화활동",http://www.segyebiz.com/newsView/20240403511518?OutUrl=naver,세계비즈,2024-04-03
"제1회 K-어싱 축제, 시민과 함께한 맨발축제 성공적인 개최",https://www.gukjenews.com/news/articleView.html?idxno=3009779,국제뉴스,2024-06-04
"[함께가자 우리ESG] SKT 임직원, 창사 40주년 맞아서울숲환경 정화 봉사활동...",http://www.newslock.co.kr/news/articleView.html?idxno=89243,뉴스락,2024-03-31
"SK텔레콤 임직원, 창사 40주년 맞아서울숲환경 정화 봉사활동",http://mbn.mk.co.kr/pages/news/newsView.php?category=mbn00014&news_seq_no=5015585,MBN,2024-03-31
"현대글로비스, 성수동 사옥 주변 환경 정화 플로깅",https://www.fetv.co.kr/news/article.html?no=165870,FETV,2024-06-06
키즈 편집숍 '포레포레' 라이징 브랜드 팝업 성공적,https://www.fashionbiz.co.kr/208266,패션비즈,2024-06-05
"저축은행중앙회, 임직원 봉사단서울숲환경정화활동",http://www.segyebiz.com/newsView/20240403511518?OutUrl=naver,세계비즈,2024-04-03
"제1회 K-어싱 축제, 시민과 함께한 맨발축제 성공적인 개최",https://www.gukjenews.com/news/articleView.html?idxno=3009779,국제뉴스,2024-06-04
"나우, 환경의 날 맞이 다양한 캠페인 펼쳐",http://www.enewstoday.co.kr/news/articleView.html?idxno=2135280,이뉴스투데이,2024-06-04
"제1회 K-어싱 축제, 시민과 함께한 맨발축제 성공적인 개최",https://www.gukjenews.com/news/articleView.html?idxno=3009779,국제뉴스,2024-06-04
"나우, 환경의 날 맞이 다양한 캠페인 펼쳐",http://www.enewstoday.co.kr/news/articleView.html?idxno=2135280,이뉴스투데이,2024-06-04
"숲 ""'퍼네이션' 새로운 트렌드로 자리 잡아…기부 커머스에도 큰 관심""",https://view.asiae.co.kr/article/2024060310293644032,아시아경제,2024-06-04
주말 어린이날 대체공휴일 서울전역에서 다채로운 축제와행사열려,https://www.lecturernews.com/news/articleView.html?idxno=151590,한국강사신문,2024-05-01
[어린이날행사] 서커스·놀이·캠핑...서울 가볼만한 곳 어디?,https://www.gukjenews.com/news/articleView.html?idxno=2986052,국제뉴스,2024-05-04
에임드 '피리부는 강아지' 피크닉행사성료,http://www.tgdaily.co.kr/news/articleView.html?idxno=325526,더게임스데일리,2023-06-12
"""원하는 거 다 있다"" 어린이날 연휴 서울 곳곳 100여개 문화행사",https://www.yna.co.kr/view/AKR20240430170700004?input=1195m,연합뉴스,2024-05-01
어린이날 ‘비바람’에행사줄줄이 취소…실내는 ‘북적’[포착],https://www.kmib.co.kr/article/view.asp?arcid=0020067963&code=61121111&cp=nv,국민일보언론사 선정,2024-05-05
"""비 와도 신나요"" 어린이날 실내행사장 '북적'(종합)",https://www.yna.co.kr/view/AKR20240505016201004?input=1195m,연합뉴스,2024-05-05
야속한 '5월 5일' 비…어린이날행사·프로야구 취소 잇달아,https://www.newsworks.co.kr/news/articleView.html?idxno=752013,뉴스웍스,2024-05-05
"[포토타임] 윤 대통령, 청와대로 어린이와 가족 360명 초청 기념행사",https://www.joongang.co.kr/article/25247141,중앙일보,2024-05-05
"어린이날 연휴, 서울 곳곳서 문화행사열린다",https://www.sedaily.com/NewsView/2D90QTMVK5,서울경제,2024-06-06
야속한 '5월 5일' 비…어린이날행사·프로야구 취소 잇달아,https://www.newsworks.co.kr/news/articleView.html?idxno=752013,뉴스웍스,2024-05-05
"[포토타임] 윤 대통령, 청와대로 어린이와 가족 360명 초청 기념행사",https://www.joongang.co.kr/article/25247141,중앙일보,2024-05-05
'설 연휴 서울 가볼만한 곳 추천'서울숲어린이대공원 월드컵공원…전통놀이...,https://www.lecturernews.com/news/articleView.html?idxno=146012,한국강사신문,2024-02-06
"가수 길건, '서울 K-맨발걷기 페스티벌' 홍보대사 발탁",http://www.atstar1.com/news/articleView.html?idxno=6013240,앳스타일,2024-06-04
"[데일리 IT 단신] LGU+, 광고 플랫폼 AI 탑재…“자동 성과분석” 外",https://biz.newdaily.co.kr/site/data/html/2024/06/03/2024060300155.html,뉴데일리,2024-06-04
"[데일리 IT 단신] LGU+, 광고 플랫폼 AI 탑재…“자동 성과분석” 外",https://biz.newdaily.co.kr/site/data/html/2024/06/03/2024060300155.html,뉴데일리,2024-06-04
[영상] 비 오는 어린이날…곳곳에서행사차질,https://www.yna.co.kr/view/AKR20240505025400704?input=1195m,연합뉴스,2024-05-05
"구미경 서울시의원, 주민들과 함께 ‘꿈의 오케스트라’ 연주 관람",https://www.seoul.co.kr/news/publicnews/local_govern/smc_movement/2024/06/04/20240604500039?wlog_tag3=naver,서울신문,2024-06-05
"이브로쉐, 환경의 날 맞이 ‘ACT GREEN 친환경 플로깅’ 캠페인 진행",https://hobbyen-news.com/news/view/1065589735249943,하비엔뉴스,2024-06-05
"SOOP, 스트리머와 함께하는 자선행사숲트리머’s 플리마켓 18일 개최",https://www.fomos.kr/redirect/news_view?news_cate_id=39&entry_id=132522,포모스,2024-06-06
"장애인공단 서울북부지사, 자회사형 표준사업장 링키지랩과 플로깅행사참여",https://www.ablenews.co.kr/news/articleView.html?idxno=212289,에이블뉴스,2024-04-29
"SOOP, 재미와 기부 더한 '이색 퍼네이션' 캠페인 눈길",http://www.g-enews.com/ko-kr/news/article/news_all/202406031101537798ea588b1547_1/article.html,글로벌이코노믹,2024-06-04
"[4월 24일(수) 오늘, 서울시] 가정의 달 맞아 풍성한 문화행사개최",https://www.dailian.co.kr/news/view/1354258/?sc=Naver,데일리안,2024-04-24
"5월 가정의 달, 서울전역이 어린이․가족 축제로 가득 찬다",http://www.bzeronews.com/news/articleView.html?idxno=658284,불교공뉴스,2024-05-01
"나우, 환경의 날 맞이 다양한 캠페인 펼쳐",http://www.kdfnews.com/news/articleView.html?idxno=133457,한국면세뉴스,2024-06-04
"5월 가정의 달, 서울전역이 어린이․가족 축제로 가득 찬다",http://www.bzeronews.com/news/articleView.html?idxno=658284,불교공뉴스,2024-05-01
"나우, 환경의 날 맞이 다양한 캠페인 펼쳐",http://www.kdfnews.com/news/articleView.html?idxno=133457,한국면세뉴스,2024-06-04
"서울시, 7년간 폐쇄됐던 '서울숲승마경기장' 14일부터 나흘간 임시 개방",https://view.asiae.co.kr/article/2021100718543476811,아시아경제,2024-06-06
폭등 전야 전세시장,https://www.joongang.co.kr/article/25253450,중앙SUNDAY,2024-06-06
"[데일리 IT 단신] LGU+, 소프트웨어 인재 교육과정 ‘유레카’ 개설 外",https://biz.newdaily.co.kr/site/data/html/2024/05/17/2024051700146.html,뉴데일리,2024-06-06
폭등 전야 전세시장,https://www.joongang.co.kr/article/25253450,중앙SUNDAY,2024-06-06
"[데일리 IT 단신] LGU+, 소프트웨어 인재 교육과정 ‘유레카’ 개설 外",https://biz.newdaily.co.kr/site/data/html/2024/05/17/2024051700146.html,뉴데일리,2024-06-06
폭등 전야 전세시장,https://www.joongang.co.kr/article/25253450,중앙SUNDAY,2024-06-06
"[데일리 IT 단신] LGU+, 소프트웨어 인재 교육과정 ‘유레카’ 개설 外",https://biz.newdaily.co.kr/site/data/html/2024/05/17/2024051700146.html,뉴데일리,2024-06-06
"[데일리 IT 단신] LGU+, 소프트웨어 인재 교육과정 ‘유레카’ 개설 外",https://biz.newdaily.co.kr/site/data/html/2024/05/17/2024051700146.html,뉴데일리,2024-06-06
"서울숲수놓는 8만개의 빛…'겨울빛, 윈터라이트'",https://www.ngetnews.com/news/articleView.html?idxno=428654,뉴스저널리즘,2023-12-15
"서울시, 음악·정원투어·가드닝·미술 등 공원 6~7곳에서 연간 예술 프로그램...",https://www.lecturernews.com/news/articleView.html?idxno=151208,한국강사신문,2024-04-25
[영상] '경리단길·서울숲에 몽글몽글 버블들' 삼성 비스포크 그랑데 AI 팝업...,https://it.chosun.com/news/articleView.html?idxno=2023092107214,IT조선,2023-12-28
"성동구 ""여성 전용 성인 공연, 금지할 근거 無""…공연법 보니",https://www.newsis.com/view/?id=NISX20240512_0002731733&cID=10801&pID=14000,뉴시스,2024-06-06
"서울시,서울숲겨울축제 '서울숲따숲네 살롱' 12.1.(금)~12.10.(일) 개최",https://www.discoverynews.kr/news/articleView.html?idxno=1036412,디스커버리뉴스,2023-11-25
"서울시,서울숲겨울축제 '서울숲따숲네 살롱' 12.1.(금)~12.10.(일) 개최",https://www.discoverynews.kr/news/articleView.html?idxno=1036412,디스커버리뉴스,2023-11-25
"서울시, '서울숲따숲네 살롱' 12월부터 개최…겨울 감성 축제 열린다",https://www.thepublic.kr/news/articleView.html?idxno=208725,더퍼블릭,2023-11-26
'서울숲따숲네 살롱'에서 겨울 감성 축제를 즐기세요,http://www.kbiznews.co.kr/news/articleView.html?idxno=96523,중소기업뉴스,2023-11-24
20일 의류 교환행사‘21%파티’,http://www.seouland.com/arti/society/society_general/16391.html,한겨레,2024-04-04
"서울시, 아이와 가볼만한 겨울축제 '서울숲따숲네 살롱' 개최",https://www.lecturernews.com/news/articleView.html?idxno=141115,한국강사신문,2023-11-25
'서울숲따숲네 살롱'에서 겨울 감성 축제를 즐기세요,http://www.kbiznews.co.kr/news/articleView.html?idxno=96523,중소기업뉴스,2023-11-24
20일 의류 교환행사‘21%파티’,http://www.seouland.com/arti/society/society_general/16391.html,한겨레,2024-04-04
"나우, 환경의 날 맞이 캠페인 전개",https://www.cstimes.com/news/articleView.html?idxno=595310,컨슈머타임스,2024-06-04
"팝업부터 플로깅 런까지...나우, 환경의 날 맞이 다양한 캠페인 펼쳐",https://www.lcnews.co.kr/news/articleView.html?idxno=76651,라이센스뉴스,2024-06-04
주말에 지구를 위한 이런행사는 어때?,http://www.lifein.news/news/articleView.html?idxno=16836,라이프인,2024-03-13
"가정의 달 5월, 서울서만 44개 축제…지하철 증차 등 안전관리",https://www.khan.co.kr/local/local-general/article/202405011403011,경향신문,2024-05-01
응봉산 개나리축제·송정마을 벚꽃축제 위치와행사일정,https://www.gukjenews.com/news/articleView.html?idxno=2951301,국제뉴스,2024-03-23
"""서울숲에서 만나요"" 죠르디 바깥 나들이",http://www.dailyimpact.co.kr/news/articleView.html?idxno=106614,데일리임팩트,2023-11-16
‘숲트리머’의 신개념 기부… 함께 만들어가는 SOOP의 이색 퍼네이션 캠페인,https://www.asiatoday.co.kr/view.php?key=20240603000946142,아시아투데이,2024-06-04
한강공원·서울숲서 황금연휴 이색행사,http://www.munhwa.com/news/view.html?no=2014081301071743021004,문화일보,2024-06-06
"대한주택보증,서울숲가꾸기 식목행사",http://www.asiae.co.kr/news/view.htm?idxno=2013042415255471522,아시아경제,2024-06-06
"DL그룹 소속 대림문화재단,서울숲가족마당서 '움직이는 예술공원' 전시",https://www.asiatoday.co.kr/view.php?key=20231208010005178,아시아투데이,2023-12-08
"성동구 치매안심센터, 치매극복 걷기 캠페인 ‘기억을 찾는 숲’ 개최",https://www.siminilbo.co.kr/news/newsview.php?ncode=1160286125227702,시민일보,2024-04-23
한강공원·서울숲서 황금연휴 이색행사,http://www.munhwa.com/news/view.html?no=2014081301071743021004,문화일보,2024-06-06
"대한주택보증,서울숲가꾸기 식목행사",http://www.asiae.co.kr/news/view.htm?idxno=2013042415255471522,아시아경제,2024-06-06
"DL그룹 소속 대림문화재단,서울숲가족마당서 '움직이는 예술공원' 전시",https://www.asiatoday.co.kr/view.php?key=20231208010005178,아시아투데이,2023-12-08
"성동구 치매안심센터, 치매극복 걷기 캠페인 ‘기억을 찾는 숲’ 개최",https://www.siminilbo.co.kr/news/newsview.php?ncode=1160286125227702,시민일보,2024-04-23
"서울시서울숲, 외국인 관광객 위해 영어로 안내하는 '전래놀이마당' 11월부터...",https://www.discoverynews.kr/news/articleView.html?idxno=1035631,디스커버리뉴스,2023-11-09
"서울숲, 외국인 관광객 위한 전통놀이 운영…영어 안내",http://www.newsis.com/view/?id=NISX20231107_0002512693&cID=10201&pID=10200,뉴시스,2023-11-08
신세계라이브쇼핑 ‘서울숲정화’,http://www.segye.com/newsView/20231114520534?OutUrl=naver,세계일보,2024-06-06
[행사] 에코맘코리아 창립 15주년 후원 감사의 밤,http://kor.theasian.asia/archives/357534,아시아엔,2024-03-31
신세계라이브쇼핑 ‘서울숲정화’,http://www.segye.com/newsView/20231114520534?OutUrl=naver,세계일보,2024-06-06
[행사] 에코맘코리아 창립 15주년 후원 감사의 밤,http://kor.theasian.asia/archives/357534,아시아엔,2024-03-31
"믹순(mixsoon),서울숲서 플래그십스토어 운영",http://www.stardailynews.co.kr/news/articleView.html?idxno=428137,스타데일리뉴스,2023-11-30
"원료주의 브랜드 믹순(mixsoon), 지난 24일서울숲첫 플래그십스토어 오픈",https://www.etoday.co.kr/news/view/2307638,이투데이,2023-11-30
"락앤락, 대학생 친환경 서포터즈 그린메이트 21기와서울숲에서 플로깅 진행",http://www.consumernews.co.kr/news/articleView.html?idxno=691199,소비자가 만드는 신문,2023-10-26
"오세훈 서울시장, “성인 페스티벌, 민간 영역에서 진행할 경우 관여할 생각 ...",https://ilyo.co.kr/?ac=article_view&entry_id=470913,일요신문,2024-04-20
"KB국민은행이 도시양봉장 만드는 이유, 들어보실래요",http://www.fnnews.com/news/202403251757444672,파이낸셜뉴스,2024-06-06
"락앤락, 대학생 서포터즈 '그린메이트'서울숲플로깅...에코라이프 실천",https://www.nbnews.kr/news/articleView.html?idxno=80338,NBN NEWS,2023-10-26
"KB국민은행이 도시양봉장 만드는 이유, 들어보실래요",http://www.fnnews.com/news/202403251757444672,파이낸셜뉴스,2024-06-06
"서울숲참여정원 공모전 당선작, 28일 시민에 공개",http://news.heraldcorp.com/view.php?ud=20231027000360,헤럴드경제,2023-10-27
"락앤락, 대학생 서포터즈 '그린메이트'와서울숲에서 플로깅 진행",https://biz.newdaily.co.kr/site/data/html/2023/10/26/2023102600109.html,뉴데일리,2023-10-26
"락앤락, 글로벌 '플로깅' 나서…친환경 문화 전파 앞장",http://www.m-i.kr/news/articleView.html?idxno=1118977,매일일보,2024-06-06
'숲트리머'들의 '숲가락' 기부 ... SOOP의 이색 퍼네이션 캠페인 '눈길',https://www.khgames.co.kr/news/articleView.html?idxno=228541,경향게임스,2024-06-04
서울숲서 소셜벤처 소통의 장 열린다,https://www.futurechosun.com/?p=81796,더나은미래,2023-11-14
"저시력 청년들과 함께하는서울숲탐방, '딜라이트 캠페인' 성료",https://www.thefairnews.co.kr/news/articleView.html?idxno=16966,더페어,2023-11-03
대한주택보증서울숲서 식목행사,http://www.fnnews.com/view?ra=Sent1601m_01A&corp=fnnews&arcid=201404170100196450009980&cDateYear=2014&cDateMonth=04&cDateDay=16&,파이낸셜뉴스,2024-06-06
"'숲트리머'들의 '숲가락' 기부…'소셜 기부 콘텐츠', SOOP의 이색 퍼네이션(F...",https://www.thebilliards.kr/news/articleView.html?idxno=25422,빌리어즈,2024-06-04
"가을서울숲, 도심의 낭만으로 물들다",http://www.globale.co.kr/news/articleView.html?idxno=26011,글로벌E,2023-10-13
"가을서울숲, 도심의 낭만으로 물들다",http://www.globale.co.kr/news/articleView.html?idxno=26011,글로벌E,2023-10-13
도시에서 떠나는 가을여행서울숲가을축제 '낭만서울숲',https://www.lecturernews.com/news/articleView.html?idxno=137170,한국강사신문,2023-10-06
"도시 가을여행,서울숲가을축제 '낭만서울숲'개최",http://www.enewstoday.co.kr/news/articleView.html?idxno=2043143,이뉴스투데이,2023-10-03
"도시 가을여행,서울숲가을축제 '낭만서울숲'개최",http://www.enewstoday.co.kr/news/articleView.html?idxno=2043143,이뉴스투데이,2023-10-03
서울숲서 즐기는 요가·음악·명상…7~8일 '서울 웰니스 위크',http://www.newsis.com/view/?id=NISX20230927_0002466870&cID=10201&pID=10200,뉴시스,2023-10-01
서울숲에 가면…‘네덜란드’가 있어요,http://www.munhwa.com/news/view.html?no=2016112301071109038001,문화일보,2024-06-06
“서울숲에서 요가를…” 올해 첫 개최 서울웰니스위크에 4만6000여명 참여 ‘...,http://news.heraldcorp.com/view.php?ud=20231024000089,헤럴드경제,2023-10-24
성동구 ‘2024서울숲힙합 페스티벌’ 개최,https://view.asiae.co.kr/article/2024060406355291191,아시아경제,2024-06-05
"[현장] K-어싱축제, 맨발 춤으로 대지와 이웃과 이어진다",https://www.womennews.co.kr/news/articleView.html?idxno=248521,여성신문언론사 선정,2024-06-05
헤이 요!… 8일서울숲서 신나는 힙합,https://www.seoul.co.kr/news/publicnews/seoul_local/enjoy_seoul/2024/06/05/20240605010006?wlog_tag3=naver,서울신문,2024-06-06
1회 K어싱축제서울숲에서 열려,https://www.gukjenews.com/news/articleView.html?idxno=3009247,국제뉴스,2024-06-02
'제1회 K-어싱축제' 성료..서울숲에서 400여 시민 함께한 맨발축제,http://kpenews.com/View.aspx?No=3253784,한국정경신문,2024-06-04
스포츠서울·맨발걷기국민운동본부 맞손! 29일서울숲서 '제1회 K-맨발걷기 페...,https://mydaily.co.kr/page/view/2024060416141675202,마이데일리,2024-06-05
"'제1회 K-어싱축제', 시민과 함께한 맨발축제성공적인 개최",http://www.fntoday.co.kr/news/articleView.html?idxno=322012,파이낸스투데이,2024-06-05
이제 K-어싱 시대…누구나 맨발로 걷는축제열린다,https://www.mk.co.kr/article/11028597,매일경제,2024-05-31
"‘춘천 관광 팝업스토어’,서울숲인근에서 운영",https://news.kbs.co.kr/news/pc/view/view.do?ncd=7977137&ref=A,KBS,2024-06-01
춤과 어싱이 결합한 제1회 K-어싱축제개최...,http://www.livesnews.com/news/article.html?no=41153,라이브팜뉴스,2024-06-03
쉬어가는 도시 서울…'쉬엄쉬엄 한강 3종축제'·'K-비어 페스티벌' 外 [주말...,https://www.etoday.co.kr/news/view/2365763,이투데이,2024-06-02
서울숲에서 미리 걸어보는 제주올레… “지금 올레?”,https://www.seoul.co.kr/news/life/travel-news/2024/05/21/20240521500121?wlog_tag3=naver,서울신문,2024-06-06
"[하루만보하루천자]서울서도, 어린이도 다 같이 '제주올레'",https://view.asiae.co.kr/article/2024052212532250156,아시아경제,2024-06-06
"자연과 맨발로 소통하는 '제1회 K-어싱축제', 수앤진컴퍼니의 손길로 완성",http://www.fntoday.co.kr/news/articleView.html?idxno=320833,파이낸스투데이,2024-06-06
[어린이날 가볼만한곳 서울 편] 디자인 동물원→서울숲...축제PICK 5,https://www.mhns.co.kr/news/articleView.html?idxno=587024,문화뉴스,2024-05-04
국내외 안 가리고 어디서든 판다…동행축제제품 '온라인' 기획전 시작,http://news.mt.co.kr/mtview.php?no=2024050914165458004,머니투데이,2024-06-06
서울숲에서 가족 나들이 즐기세요... 봄봄서울숲 축제개최,https://www.pinpointnews.co.kr/news/articleView.html?idxno=261291,핀포인트뉴스,2024-04-24
"중소기업유통센터, 동행축제맞아서울숲에서 '소담마켓' 개최",https://www.yna.co.kr/view/AKR20240503053900030?input=1195m,연합뉴스,2024-05-03
제1회 K-어싱축제개최...춤과 어싱이 결합한 우리나라 최초축제,https://www.news2day.co.kr/article/20240513500125,뉴스투데이,2024-06-06
주말 어린이날 대체공휴일 서울전역에서 다채로운축제와 행사 열려,https://www.lecturernews.com/news/articleView.html?idxno=151590,한국강사신문,2024-05-01
가정의 달 5월 서울은 ‘어린이·가족축제’로 가득,https://www.kmib.co.kr/article/view.asp?arcid=1714550134&code=11131400&cp=nv,국민일보,2024-06-06
서울만 44개…‘축제의 달’ 사람도 넘치겠네,https://www.khan.co.kr/local/local-general/article/202405012103015,경향신문,2024-06-06
"“가정의 달, 서울 곳곳서축제즐겨요”",https://www.donga.com/news/Society/article/all/20240502/124747151/1,동아일보,2024-06-06
"서울시, 겨울축제'서울숲따숲네 살롱' 12월 1일 개최",https://www.psnews.co.kr/news/articleView.html?idxno=2039360,퍼블릭뉴스,2023-11-24
"서울시,서울숲겨울축제'서울숲따숲네 살롱' 12.1.(금)~12.10.(일) 개최",https://www.discoverynews.kr/news/articleView.html?idxno=1036412,디스커버리뉴스,2023-11-25
"서울시, '서울숲따숲네 살롱' 12월부터 개최…겨울 감성축제열린다",https://www.thepublic.kr/news/articleView.html?idxno=208725,더퍼블릭,2023-11-26
황금연휴 해외여행 계획 늦었다면... 어린이날 가볼 만한 국내 여행지,https://www.ajunews.com/view/20240503150013880,아주경제,2024-05-04
도시에서 떠나는 가을여행서울숲가을축제'낭만서울숲',https://www.lecturernews.com/news/articleView.html?idxno=137170,한국강사신문,2023-10-06
"도시 가을여행,서울숲가을축제'낭만서울숲'개최",http://www.enewstoday.co.kr/news/articleView.html?idxno=2043143,이뉴스투데이,2023-10-03
주말서울숲서 공공외교축제...세계문화 체험·토크까지 다채,http://www.womennews.co.kr/news/articleView.html?idxno=241266,여성신문,2023-10-14
"서울숲야간축제, 그림책도서관․숲탐험․모기장캠핑 등 다채로운 야간 프로그...",https://www.lecturernews.com/news/articleView.html?idxno=132694,한국강사신문,2023-08-05
"서울시, 무더위를 피해 떠나는서울숲야간축제'야호夜好서울숲' 개최",https://www.discoverynews.kr/news/articleView.html?idxno=1030876,디스커버리뉴스,2023-08-04
[생생우동]서울에서 즐기는 ‘한여름밤의 꿈’…한강과서울숲등 ‘밤축제’...,https://www.seoul.co.kr/news/newsView.php?id=20230804500118&wlog_tag3=naver,서울신문,2023-08-04
무더위를 피해 떠나는서울숲야간축제‘야호(夜好)!서울숲’,https://www.viva100.com/main/view.php?key=20230803010001003,브릿지경제,2023-08-03
"NCT 127,축제의 밤 D-2…서울숲들썩일 '특급 쇼케이스' 예고",https://www.xportsnews.com/article/1777244,엑스포츠뉴스,2023-10-04
"성동구, 여름밤 문화축제‘제8회서울숲힐링영화제’ 개최",http://www.shinailbo.co.kr/news/articleView.html?idxno=1751050,신아일보,2023-08-28
여름밤 성동구 문화축제…'서울숲힐링영화제' 개최,http://www.newsis.com/view/?id=NISX20230827_0002427552&cID=10801&pID=14000,뉴시스,2023-08-27
서울숲야간축제'야호!서울숲' 11~19일,http://www.kidshankook.kr/news/articleView.html?idxno=7746,소년한국일보,2023-08-07
"가을서울숲, 도심의 낭만으로 물들다",http://www.globale.co.kr/news/articleView.html?idxno=26011,글로벌E,2023-10-13
"성동구, 제7회서울숲소셜벤처 엑스포 개최",https://view.asiae.co.kr/article/2023091406470687135,아시아경제,2023-09-14
"성동구, 응봉산 해맞이축제개최",https://www.sedaily.com/NewsView/29YNU5U8HJ,서울경제,2024-06-06
"서울시, 그늘 정원 주제 ‘제1회서울숲참여정원’ 공모",http://www.lak.co.kr/news/boardview.php?id=15995,환경과조경,2023-08-07
"성동구, 17일서울숲힙합&뮤직 페스티벌",https://www.siminilbo.co.kr/news/newsview.php?ncode=1160291175405138,시민일보,2023-06-14
"성동구,서울숲힙합&뮤직 페스티벌 큰 장 연다",https://view.asiae.co.kr/article/2023061307362393939,아시아경제,2023-06-13
축제의 계절 가을! 풍성한 추억 만들어요,https://www.kidshankook.kr/news/articleView.html?idxno=8247,소년한국일보,2023-10-05
겨울방학에는 서울 공원에 모이자…겨울 프로그램 '풍성',https://www.news1.kr/articles/5258525,뉴스1,2023-12-12
"""엮이고, 들끓고, 넘치다""…문화창조산업축제＜크리에이티브x성수＞ 성수동 ...",http://www.sctoday.co.kr/news/articleView.html?idxno=41446,서울문화투데이,2023-09-08
소셜벤처 최대축제‘서울숲엑스포’ 개최,https://www.seoul.co.kr/news/newsView.php?id=20221013010007&wlog_tag3=naver,서울신문,2024-06-06
"서울, 가을축제로 ‘들썩’",https://www.seoul.co.kr/news/newsView.php?id=20231004010010&wlog_tag3=naver,서울신문,2024-06-06
숲길 거닐며 힐링! 한여름밤 무더위 날릴 8월 야간축제3 #가볼만한곳,http://www.elle.co.kr/article/79845,엘르,2023-08-11
화사함과 푸르름이 가득한서울숲[뻐꾸기의 山行],https://www.ngetnews.com/news/articleView.html?idxno=504545,뉴스저널리즘,2024-04-12
"성동구, 26일서울숲야외무대서 장애인의 날 행사",https://www.siminilbo.co.kr/news/newsview.php?ncode=1160283457713254,시민일보,2024-04-25
광화문광장-서울숲이 야외 공연장으로,https://www.donga.com/news/Society/article/all/20240418/124552118/1,동아일보언론사 선정,2024-06-06
광화문광장·서울숲·잠수교 등 도심 50곳서 거리공연 2240회 펼쳐진다,https://www.news1.kr/articles/5388468,뉴스1,2024-04-18
4년만의 노 마스크… 봄꽃축제즐겨요,https://www.donga.com/news/Society/article/all/20230329/118587784/1,동아일보,2024-06-06
'인천대공원·석촌호수·여의도벚꽃축제' 한국관광공사 추천 서울벚꽃명소BES...,https://www.cbci.co.kr/news/articleView.html?idxno=464362,CBC뉴스,2024-04-07
'설 연휴 서울 가볼만한 곳 추천'서울숲어린이대공원 월드컵공원…전통놀이...,https://www.lecturernews.com/news/articleView.html?idxno=146012,한국강사신문,2024-02-06
"피그마리온, 춘천시와 함께한 팝업스토어 '춘천행 매표소' 성황리 종료",https://www.thebilliards.kr/news/articleView.html?idxno=25431,빌리어즈,2024-06-05
"자랑스런 한국 며느리 야노시호, 웰니스축제이끈다",http://news.heraldcorp.com/view.php?ud=20240401050697,헤럴드경제,2024-04-01
내일날씨 '낮최고 30도' 이번주말 '여름날씨 덥다' 튤립·철쭉축제구경어때,https://www.gukjenews.com/news/articleView.html?idxno=2979939,국제뉴스,2024-04-26
"뛰놀고 맛보고 즐기며 배우는 오감만족축제""행~복해요""",http://kids.donga.com/news/vv.php?type=news&id=20240414141813671388,어린이동아,2024-04-14
호수와 어우러진 '벚꽃축제' 사람 북적,https://www.ktv.go.kr/content/view?content_id=698500,KTV국민방송,2024-04-02
"성동구, 제7회서울숲소셜벤처 엑스포 개최",https://view.asiae.co.kr/article/2023091406470687135,아시아경제,2023-09-14
"성동구, 응봉산 해맞이축제개최",https://www.sedaily.com/NewsView/29YNU5U8HJ,서울경제,2024-06-06
무더위를 피해 떠나는서울숲야간축체… '야호夜好서울숲',https://www.newscj.com/news/articleView.html?idxno=3050870,천지일보,2023-08-03
"서울시, 그늘 정원 주제 ‘제1회서울숲참여정원’ 공모",http://www.lak.co.kr/news/boardview.php?id=15995,환경과조경,2023-08-07
"성동구, 17일서울숲힙합&뮤직 페스티벌",https://www.siminilbo.co.kr/news/newsview.php?ncode=1160291175405138,시민일보,2023-06-14
"성동구,서울숲힙합&뮤직 페스티벌 큰 장 연다",https://view.asiae.co.kr/article/2023061307362393939,아시아경제,2023-06-13
"성동구, 제7회서울숲소셜벤처 엑스포 개최",https://view.asiae.co.kr/article/2023091406470687135,아시아경제,2023-09-14
"성동구, 응봉산 해맞이축제개최",https://www.sedaily.com/NewsView/29YNU5U8HJ,서울경제,2024-06-06
무더위를 피해 떠나는서울숲야간축체… '야호夜好서울숲',https://www.newscj.com/news/articleView.html?idxno=3050870,천지일보,2023-08-03
"서울시, 그늘 정원 주제 ‘제1회서울숲참여정원’ 공모",http://www.lak.co.kr/news/boardview.php?id=15995,환경과조경,2023-08-07
"성동구, 17일서울숲힙합&뮤직 페스티벌",https://www.siminilbo.co.kr/news/newsview.php?ncode=1160291175405138,시민일보,2023-06-14
"성동구,서울숲힙합&뮤직 페스티벌 큰 장 연다",https://view.asiae.co.kr/article/2023061307362393939,아시아경제,2023-06-13
"성동구,서울숲힙합&뮤직 페스티벌 큰 장 연다",https://view.asiae.co.kr/article/2023061307362393939,아시아경제,2023-06-13
"스마트 문화도시 성동,서울숲힙합&뮤직 페스티벌 큰 장 연다",http://www.shinailbo.co.kr/news/articleView.html?idxno=1717118,신아일보,2023-06-14
축제의 계절 가을! 풍성한 추억 만들어요,https://www.kidshankook.kr/news/articleView.html?idxno=8247,소년한국일보,2023-10-05
겨울방학에는 서울 공원에 모이자…겨울 프로그램 '풍성',https://www.news1.kr/articles/5258525,뉴스1,2023-12-12
"성동구, 17일 '서울숲힙합&뮤직 페스티벌' 개최",https://www.cstimes.com/news/articleView.html?idxno=547712,컨슈머타임스,2023-06-13
축제의 계절 가을! 풍성한 추억 만들어요,https://www.kidshankook.kr/news/articleView.html?idxno=8247,소년한국일보,2023-10-05
겨울방학에는 서울 공원에 모이자…겨울 프로그램 '풍성',https://www.news1.kr/articles/5258525,뉴스1,2023-12-12
"""엮이고, 들끓고, 넘치다""…문화창조산업축제＜크리에이티브x성수＞ 성수동 ...",http://www.sctoday.co.kr/news/articleView.html?idxno=41446,서울문화투데이,2023-09-08
"성동구, 17일 '서울숲힙합&뮤직 페스티벌' 개최",https://www.cstimes.com/news/articleView.html?idxno=547712,컨슈머타임스,2023-06-13
축제의 계절 가을! 풍성한 추억 만들어요,https://www.kidshankook.kr/news/articleView.html?idxno=8247,소년한국일보,2023-10-05
겨울방학에는 서울 공원에 모이자…겨울 프로그램 '풍성',https://www.news1.kr/articles/5258525,뉴스1,2023-12-12
"""엮이고, 들끓고, 넘치다""…문화창조산업축제＜크리에이티브x성수＞ 성수동 ...",http://www.sctoday.co.kr/news/articleView.html?idxno=41446,서울문화투데이,2023-09-08
"성동구, 17일 '서울숲힙합&뮤직 페스티벌' 개최",https://www.cstimes.com/news/articleView.html?idxno=547712,컨슈머타임스,2023-06-13
축제의 계절 가을! 풍성한 추억 만들어요,https://www.kidshankook.kr/news/articleView.html?idxno=8247,소년한국일보,2023-10-05
겨울방학에는 서울 공원에 모이자…겨울 프로그램 '풍성',https://www.news1.kr/articles/5258525,뉴스1,2023-12-12
"""엮이고, 들끓고, 넘치다""…문화창조산업축제＜크리에이티브x성수＞ 성수동 ...",http://www.sctoday.co.kr/news/articleView.html?idxno=41446,서울문화투데이,2023-09-08
축제의 계절 가을! 풍성한 추억 만들어요,https://www.kidshankook.kr/news/articleView.html?idxno=8247,소년한국일보,2023-10-05
겨울방학에는 서울 공원에 모이자…겨울 프로그램 '풍성',https://www.news1.kr/articles/5258525,뉴스1,2023-12-12
"""엮이고, 들끓고, 넘치다""…문화창조산업축제＜크리에이티브x성수＞ 성수동 ...",http://www.sctoday.co.kr/news/articleView.html?idxno=41446,서울문화투데이,2023-09-08
겨울방학에는 서울 공원에 모이자…겨울 프로그램 '풍성',https://www.news1.kr/articles/5258525,뉴스1,2023-12-12
"""엮이고, 들끓고, 넘치다""…문화창조산업축제＜크리에이티브x성수＞ 성수동 ...",http://www.sctoday.co.kr/news/articleView.html?idxno=41446,서울문화투데이,2023-09-08
소셜벤처 최대축제‘서울숲엑스포’ 개최,https://www.seoul.co.kr/news/newsView.php?id=20221013010007&wlog_tag3=naver,서울신문,2024-06-06
"서울, 가을축제로 ‘들썩’",https://www.seoul.co.kr/news/newsView.php?id=20231004010010&wlog_tag3=naver,서울신문,2024-06-06
숲길 거닐며 힐링! 한여름밤 무더위 날릴 8월 야간축제3 #가볼만한곳,http://www.elle.co.kr/article/79845,엘르,2023-08-11
"서울, 가을축제로 ‘들썩’",https://www.seoul.co.kr/news/newsView.php?id=20231004010010&wlog_tag3=naver,서울신문,2024-06-06
숲길 거닐며 힐링! 한여름밤 무더위 날릴 8월 야간축제3 #가볼만한곳,http://www.elle.co.kr/article/79845,엘르,2023-08-11
화사함과 푸르름이 가득한서울숲[뻐꾸기의 山行],https://www.ngetnews.com/news/articleView.html?idxno=504545,뉴스저널리즘,2024-04-12
"성동구, 26일서울숲야외무대서 장애인의 날 행사",https://www.siminilbo.co.kr/news/newsview.php?ncode=1160283457713254,시민일보,2024-04-25
광화문광장-서울숲이 야외 공연장으로,https://www.donga.com/news/Society/article/all/20240418/124552118/1,동아일보언론사 선정,2024-06-06
"성동구, 26일서울숲야외무대서 장애인의 날 행사",https://www.siminilbo.co.kr/news/newsview.php?ncode=1160283457713254,시민일보,2024-04-25
광화문광장-서울숲이 야외 공연장으로,https://www.donga.com/news/Society/article/all/20240418/124552118/1,동아일보언론사 선정,2024-06-06
광화문광장·서울숲·잠수교 등 도심 50곳서 거리공연 2240회 펼쳐진다,https://www.news1.kr/articles/5388468,뉴스1,2024-04-18
"동행축제맞이, 소상공인 제품 판로지원 위한 ‘소담마켓’ 개최",http://www.edaily.co.kr/news/newspath.asp?newsid=02276326638885312,이데일리,2024-05-03
'5월 동행축제' 맞아 소담마켓 열린다,https://www.asiatoday.co.kr/view.php?key=20240503010001505,아시아투데이,2024-05-03
'5월 동행축제' 맞아 소담마켓 열린다,https://www.asiatoday.co.kr/view.php?key=20240503010001505,아시아투데이,2024-05-03
[국제포토] 빨래터의 풍자,https://www.gukjenews.com/news/articleView.html?idxno=3009266,국제뉴스,2024-06-02
4년만의 노 마스크… 봄꽃축제즐겨요,https://www.donga.com/news/Society/article/all/20230329/118587784/1,동아일보,2024-06-06
[국제포토] 지구의 맨땅 밟는 어싱,https://www.gukjenews.com/news/articleView.html?idxno=3009254,국제뉴스,2024-06-02
4년만의 노 마스크… 봄꽃축제즐겨요,https://www.donga.com/news/Society/article/all/20230329/118587784/1,동아일보,2024-06-06
'인천대공원·석촌호수·여의도벚꽃축제' 한국관광공사 추천 서울벚꽃명소BES...,https://www.cbci.co.kr/news/articleView.html?idxno=464362,CBC뉴스,2024-04-07
'설 연휴 서울 가볼만한 곳 추천'서울숲어린이대공원 월드컵공원…전통놀이...,https://www.lecturernews.com/news/articleView.html?idxno=146012,한국강사신문,2024-02-06
"피그마리온, 춘천시와 함께한 팝업스토어 '춘천행 매표소' 성황리 종료",https://www.thebilliards.kr/news/articleView.html?idxno=25431,빌리어즈,2024-06-05
"[국제포토] 어싱 공연, 맨발로 감상 및 참여",https://www.gukjenews.com/news/articleView.html?idxno=3009263,국제뉴스,2024-06-02
'인천대공원·석촌호수·여의도벚꽃축제' 한국관광공사 추천 서울벚꽃명소BES...,https://www.cbci.co.kr/news/articleView.html?idxno=464362,CBC뉴스,2024-04-07
'설 연휴 서울 가볼만한 곳 추천'서울숲어린이대공원 월드컵공원…전통놀이...,https://www.lecturernews.com/news/articleView.html?idxno=146012,한국강사신문,2024-02-06
"피그마리온, 춘천시와 함께한 팝업스토어 '춘천행 매표소' 성황리 종료",https://www.thebilliards.kr/news/articleView.html?idxno=25431,빌리어즈,2024-06-05
"[국제포토] 최보결, 자연과 몸, 마음 하나되는 어싱",https://www.gukjenews.com/news/articleView.html?idxno=3009261,국제뉴스,2024-06-02
"자랑스런 한국 며느리 야노시호, 웰니스축제이끈다",http://news.heraldcorp.com/view.php?ud=20240401050697,헤럴드경제,2024-04-01
내일날씨 '낮최고 30도' 이번주말 '여름날씨 덥다' 튤립·철쭉축제구경어때,https://www.gukjenews.com/news/articleView.html?idxno=2979939,국제뉴스,2024-04-26
"뛰놀고 맛보고 즐기며 배우는 오감만족축제""행~복해요""",http://kids.donga.com/news/vv.php?type=news&id=20240414141813671388,어린이동아,2024-04-14
호수와 어우러진 '벚꽃축제' 사람 북적,https://www.ktv.go.kr/content/view?content_id=698500,KTV국민방송,2024-04-02
호수와 어우러진 '벚꽃축제' 사람 북적,https://www.ktv.go.kr/content/view?content_id=698500,KTV국민방송,2024-04-02
5월 둘째주 토요일 공정무역의 날...서울숲·마로니에공원축제즐겨요,http://news.heraldcorp.com/view.php?ud=20190510000016,헤럴드경제,2024-06-06
'벚꽃은 안되고 튤립은 된다?'…서울숲은 코로나 무풍지대?,http://www.fnnews.com/news/202104131741460899,파이낸셜뉴스언론사 선정,2024-06-06
응봉산 개나리축제·송정마을 벚꽃축제위치와 행사일정,https://www.gukjenews.com/news/articleView.html?idxno=2951301,국제뉴스,2024-03-23
"서울 자치구, 이상기온에 '벚꽃축제' 당기고 개명까지",https://cwn.kr/article/1065588354590234,CWN,2024-03-21
"서울 자치구, 이상기온에 '벚꽃축제' 당기고 개명까지",https://cwn.kr/article/1065588354590234,CWN,2024-03-21
"피그마리온, 춘천시와 함께한 팝업스토어 '춘천행 매표소' 성황리 종료",https://www.enetnews.co.kr/news/articleView.html?idxno=25421,이넷뉴스,2024-06-05
여의도 봄꽃축제· 석촌호수 벚꽃축제등 서울 봄꽃축제'활짝',https://view.asiae.co.kr/article/2024031916051713326,아시아경제,2024-03-19
응봉산 개나리축제등 성동구 봄꽃축제이어져,https://view.asiae.co.kr/article/2024031806495349428,아시아경제,2024-03-18
[2024 벚꽃축제] 지역별 개화시기는? 3월축제일정과 명소,https://www.gukjenews.com/news/articleView.html?idxno=2945548,국제뉴스,2024-03-17
"다채로운 봄의 향연…성동구, 봄꽃축제풍성",https://www.dnews.co.kr/uhtml/view.jsp?idxno=202403181412362050561,대한경제,2024-03-18
[2024 벚꽃축제] 지역별 개화시기는? 3월축제일정과 명소,https://www.gukjenews.com/news/articleView.html?idxno=2945548,국제뉴스,2024-03-17
신세계아이앤씨 임직원 `서울숲자원봉사축제` 동참,http://www.dt.co.kr/contents.html?article_no=2017061602109960049005,디지털타임스,2024-06-06
"""지금, 튤립이 절정이다""[여행관광]",https://www.econovill.com/news/articleView.html?idxno=652397,이코노믹리뷰,2024-04-20
소셜벤처 최대축제…성동구 ‘제7회서울숲소셜벤처 엑스포’,https://www.seoul.co.kr/news/newsView.php?id=20230914500064&wlog_tag3=naver,서울신문,2023-09-14
소셜벤처 최대축제…성동구 ‘제7회서울숲소셜벤처 엑스포’,https://www.seoul.co.kr/news/newsView.php?id=20230914500064&wlog_tag3=naver,서울신문,2023-09-14
세종로공원·서울숲무궁화축제‘활짝’,http://www.munhwa.com/news/view.html?no=2010081201031043318002,문화일보,2024-06-06
[국제포토] 개나리축제24일 까지,https://www.gukjenews.com/news/articleView.html?idxno=2951275,국제뉴스,2024-03-23
빨라진 '봄'···축제준비도 바쁘다 바빠!,https://www.kidshankook.kr/news/articleView.html?idxno=9736,소년한국일보,2024-03-07
"[여행픽] ""봄꽃 소풍 떠나볼까""… 수도권 튤립 명소 어디",https://www.moneys.co.kr/article/2024041214392178166,머니S언론사 선정,2024-04-13
"[여행픽] ""봄꽃 소풍 떠나볼까""… 수도권 튤립 명소 어디",https://www.moneys.co.kr/article/2024041214392178166,머니S언론사 선정,2024-04-13
"[4월 24일(수) 오늘, 서울시] 가정의 달 맞아 풍성한 문화행사 개최",https://www.dailian.co.kr/news/view/1354258/?sc=Naver,데일리안,2024-04-24
카 스턴트와 즐기는 음악축제‘원 유니버스 페스티벌’ 10월 7-8일서울숲...,https://www.sportsw.kr/news/newsview.php?ncode=1065573082783957,스포츠W,2023-08-24
서울숲에서 만나는 ‘그늘정원’…제1회서울숲참여정원 공모전 28일 시상,http://www.lak.co.kr/news/boardview.php?id=16389,환경과조경,2023-10-27
`서울숲재즈페스티벌` 9월 28~29일 열린다,http://www.dt.co.kr/contents.html?article_no=2019061302102019051002&ref=naver,디지털타임스,2024-06-06
"성동문화재단,서울숲에서 즐기는 2023 성동구 구립도서관 북페스티벌 개최",http://www.enewstoday.co.kr/news/articleView.html?idxno=2042895,이뉴스투데이,2023-09-27
"성동문화재단,서울숲에서 즐기는 2023 성동구 구립도서관 북페스티벌 개최",http://www.enewstoday.co.kr/news/articleView.html?idxno=2042895,이뉴스투데이,2023-09-27
드론 좋아하면서울숲으로 다 모여라,http://www.munhwa.com/news/view.html?no=2016102701071209038001,문화일보,2024-06-06
'서울숲힙합페스티벌' 무료 개최…양동근·넉살 등 대거 출연,https://www.newsis.com/view/?id=NISX20240604_0002761142&cID=10701&pID=10700,뉴시스,2024-06-05
성동구 ‘2024서울숲힙합페스티벌’ 개최,https://view.asiae.co.kr/article/2024060406355291191,아시아경제,2024-06-05
"관심 집중 '서울숲힙합페스티벌', 성별·연령별 관심도 결과",http://www.tournews21.com/news/articleView.html?idxno=72168,투어코리아뉴스,2024-06-05
"길건 “10년째 맨발 걷기, 다 함께 건강해져요~” (서울 K-맨발걷기페스티벌...",https://www.sportsseoul.com/news/read/1435030?ref=naver,스포츠서울,2024-06-05
제1회 ‘서울 K-맨발걷기페스티벌’ 6월 29일서울숲서 개최,https://www.sportsseoul.com/news/read/1434283?ref=naver,스포츠서울,2024-06-04
스포츠서울·맨발걷기국민운동본부 맞손! 29일서울숲서 '제1회 K-맨발걷기 페...,https://mydaily.co.kr/page/view/2024060416141675202,마이데일리,2024-06-05
‘맨발걷기’ 열풍…이젠페스티벌로!,https://sports.donga.com/article/all/20240603/125255360/2,스포츠동아,2024-06-04
[문화차트] 6월 1주차 국내 뮤직페스티벌트렌드지수 1위 서울재즈페스티벌,http://www.handmk.com/news/articleView.html?idxno=22919,핸드메이커,2024-06-05
2024 국내 뮤직페스티벌트렌드지수,http://www.tournews21.com/news/articleView.html?idxno=72012,투어코리아뉴스,2024-06-05
"가수 길건, '서울 K-맨발걷기페스티벌' 홍보대사 발탁",http://www.atstar1.com/news/articleView.html?idxno=6013240,앳스타일,2024-06-04
"가수 길건, '서울 K-맨발걷기페스티벌' 홍보대사 발탁",http://www.atstar1.com/news/articleView.html?idxno=6013240,앳스타일,2024-06-04
쉬어가는 도시 서울…'쉬엄쉬엄 한강 3종 축제'·'K-비어페스티벌' 外 [주말...,https://www.etoday.co.kr/news/view/2365763,이투데이,2024-06-02
"한국수제맥주협회, 서울 성수동서 K비어페스티벌개최",https://www.bloter.net/news/articleView.html?idxno=616981,블로터,2024-05-30
"수제맥주협회, 30일부터 나흘간 ‘K-비어페스티벌’",http://www.segye.com/newsView/20240523518316?OutUrl=naver,세계일보,2024-06-06
2024 놓치면 후회할 국내페스티벌정보 12,https://www.allurekorea.com/2024/05/25/summer-festival/?utm_source=naver&utm_medium=partnership,allure,2024-06-06
"수제맥주協, ‘K-비어페스티벌’ 서울 성수동 언더스탠드 에비뉴에서",http://www.shinailbo.co.kr/news/articleView.html?idxno=1881612,신아일보,2024-05-31
“수제맥주 130종 한 자리에”…‘K-비어페스티벌’ 30일 개최,http://www.kukinews.com/newsView/kuk202405220160,쿠키뉴스,2024-06-06
"퓨쳐스콜레, 지식 창업페스티벌‘라클리티’, 오는 19일 개최",https://edu.chosun.com/site/data/html_dir/2024/05/17/2024051780148.html,조선에듀,2024-06-06
페스티벌의 계절…치솟은 티켓값에 '화들짝'[조선물가실록],https://view.asiae.co.kr/article/2024050216292134478,아시아경제언론사 선정,2024-06-06
‘서울숲재즈페스티벌2023’ 성료···고상지부터 선우정아까지 알찬 무대...,http://sports.khan.co.kr/news/sk_index.html?art_id=202309280355003&sec_id=540301&pt=nv,스포츠경향,2023-09-28
"성동문화재단,서울숲에서 즐기는 2023 성동구 구립도서관 북페스티벌개최",http://www.enewstoday.co.kr/news/articleView.html?idxno=2042895,이뉴스투데이,2023-09-27
"스텔라장→선우정아, '서울숲재즈페스티벌2023' 예고 출격…기대감UP",https://www.xportsnews.com/article/1757699,엑스포츠뉴스,2023-08-10
‘서울숲재즈페스티벌2023’ 9월 23·24일 개최,http://sports.khan.co.kr/news/sk_index.html?art_id=202308091815003&sec_id=560801&pt=nv,스포츠경향,2023-08-09
서울숲재즈페스티벌2023 콘서트 - 위변조 방지 블록체인 티켓 발권해,http://www.fintechpost.co.kr/news/articleView.html?idxno=170926,파이낸셜포스트,2023-09-07
"성동구,서울숲서 '힙합·뮤직페스티벌' 17일 개최",https://www.jeonmae.co.kr/news/articleView.html?idxno=963659,전국매일신문,2023-06-14
청정 힙합 에너지 충전! 2023 '서울숲힙합&뮤직페스티벌' 개최,https://www.gukjenews.com/news/articleView.html?idxno=2738787,국제뉴스,2023-06-11
2023 '서울숲힙합&뮤직페스티벌' 개최,http://www.enewstoday.co.kr/news/articleView.html?idxno=2008138,이뉴스투데이,2023-06-09
"성동구,서울숲힙합&뮤직페스티벌큰 장 연다",https://view.asiae.co.kr/article/2023061307362393939,아시아경제,2023-06-13
우승 상품 50만원 여행 상품권…서울숲에서 세상 조용한페스티벌개최된다,https://www.wikitree.co.kr/articles/880034,위키트리,2023-08-22
"성동문화재단, '서울숲힙합&뮤직페스티벌' 개최… ""힙합 에너지 시민 일상 ...",http://www.sctoday.co.kr/news/articleView.html?idxno=40904,서울문화투데이,2023-06-12
글로벌 웰니스페스티벌'원더러스트 코리아 2024' 개최...6월 22·23일 서울...,https://www.viva100.com/main/view.php?key=20240404010001734,브릿지경제,2024-04-04
최백호부터 릴 우지 버트까지… 뮤직페스티벌빅뱅,https://www.chosun.com/national/weekend/2023/10/14/IQP3UD7PLVD5JCHTEIRCX2KXQ4/?utm_source=naver&utm_medium=referral&utm_campaign=naver-news,조선일보,2024-06-06
"'원더러스트 코리아 2024', 글로벌 웰니스 라이프 스타일페스티벌6월 22일(...",http://www.newsroad.co.kr/news/articleView.html?idxno=28317,뉴스로드,2024-04-02
"‘예비엄마’ 손연재, D라인은 어디에? 티나지 않는페스티벌임신부룩",http://www.fashionn.com/board/read_new.php?table=1024&number=48034,패션엔,2023-09-25
독서의 계절 맞아 진주에서 파주까지 북페티벌 이어져,http://sports.khan.co.kr/news/sk_index.html?art_id=202310231724003&sec_id=560101&pt=nv,스포츠경향,2023-10-23
광화문광장·서울숲·잠수교 등 도심 50곳서 거리공연 2240회 펼쳐진다,https://www.news1.kr/articles/5388468,뉴스1,2024-04-18
"도심·섬·항구 어디로 갈까… 낭만 재즈, 가을 물들이다",http://www.segye.com/content/html/2023/08/21/20230821512571.html?OutUrl=naver,세계일보,2024-06-06
수원·파주→서울·강남 日성인페스티벌'폭탄 돌리기'…일각 형평성 논란도,https://www.newsis.com/view/?id=NISX20240417_0002702313&cID=14001&pID=14000,뉴시스,2024-04-17
야노시호·유빈·여동구...'원더러스트 코리아' 6월서울숲일대 개최,https://www.slist.kr/news/articleView.html?idxno=537892,싱글리스트,2024-04-01
"오세훈 서울시장, “성인페스티벌, 민간 영역에서 진행할 경우 관여할 생각 ...",https://ilyo.co.kr/?ac=article_view&entry_id=470913,일요신문,2024-04-20
"""男배우가 입었던 팬티 사는 여성들, 왜 놔두냐"" 남녀 갈등으로 번진 '19금 페...",http://news.heraldcorp.com/view.php?ud=20240420050043,헤럴드경제언론사 선정,2024-04-20
천하람이 제기한 ‘후폭풍’은?…'성인페스티벌' 논란이 남긴 건,https://www.news1.kr/articles/5390874,뉴스1언론사 선정,2024-04-20
`서울숲재즈페스티벌` 9월 28~29일 열린다,http://www.dt.co.kr/contents.html?article_no=2019061302102019051002&ref=naver,디지털타임스,2024-06-06
"'성인페스티벌' 취소에 천하람 ""우리나라가 중국·북한인가?""",https://www.pennmike.com/news/articleView.html?idxno=79715,펜앤드마이크,2024-04-19
"""8일서울숲서 무료 힙합공연열려요""…양동근·넉살 등 출연",https://www.yna.co.kr/view/AKR20240604059700004?input=1195m,연합뉴스,2024-06-05
헤이 요!… 8일서울숲서 신나는 힙합,https://www.seoul.co.kr/news/publicnews/seoul_local/enjoy_seoul/2024/06/05/20240605010006?wlog_tag3=naver,서울신문,2024-06-06
제1회 ‘서울 K-맨발걷기 페스티벌’ 6월 29일서울숲서 개최,https://www.sportsseoul.com/news/read/1434283?ref=naver,스포츠서울,2024-06-04
스포츠서울·맨발걷기국민운동본부 맞손! 29일서울숲서 '제1회 K-맨발걷기 페...,https://mydaily.co.kr/page/view/2024060416141675202,마이데일리,2024-06-05
"[국제포토] 어싱공연, 맨발로 감상 및 참여",https://www.gukjenews.com/news/articleView.html?idxno=3009263,국제뉴스,2024-06-02
"男배우 노출공연논란 선 그은 서울시…""기초 지자체 책임""",https://www.newsis.com/view/?id=NISX20240517_0002738027&cID=14001&pID=14000,뉴시스언론사 선정,2024-06-06
"자생한방병원, 건강 되찾은 환우들과서울숲건강걷기대회 열어",https://www.rapportian.com/news/articleView.html?idxno=207221,라포르시안,2024-06-06
"[현장] K-어싱축제, 맨발 춤으로 대지와 이웃과 이어진다",https://www.womennews.co.kr/news/articleView.html?idxno=248521,여성신문언론사 선정,2024-06-05
"성동구 ""여성 전용 성인공연, 금지할 근거 無""…공연법 보니",https://www.newsis.com/view/?id=NISX20240512_0002731733&cID=10801&pID=14000,뉴시스,2024-06-06
광화문광장-서울숲이 야외공연장으로,https://www.donga.com/news/Society/article/all/20240418/124552118/1,동아일보언론사 선정,2024-06-06
가족이 같이 볼 만한 전시&공연,https://www.naeil.com/news/read/508677?ref=naver,내일신문,2024-04-25
"정모 ""가을 명소?서울숲산책하다가 '볼륨업'공연장으로"", 김신영 ""정읍 아...",http://enews.imbc.com/News/RetrieveNewsInfo/399130,MBC연예,2023-11-01
10주년 '푸에르자 부르타' 10월서울숲 공연..오늘(11일) 티켓 오픈,https://www.starnewskorea.com/stview.php?no=2023091109322960239,스타뉴스,2023-09-11
도시에서 떠나는 가을여행서울숲가을축제 '낭만서울숲',https://www.lecturernews.com/news/articleView.html?idxno=137170,한국강사신문,2023-10-06
"도시 가을여행,서울숲가을축제 '낭만서울숲'개최",http://www.enewstoday.co.kr/news/articleView.html?idxno=2043143,이뉴스투데이,2023-10-03
"성동문화재단,서울숲에서 즐기는 2023 성동구 구립도서관 북페스티벌 개최",http://www.enewstoday.co.kr/news/articleView.html?idxno=2042895,이뉴스투데이,2023-09-27
"성동구, 1·2일 ‘서울숲힐링 영화제’",https://www.siminilbo.co.kr/news/newsview.php?ncode=1160290450011664,시민일보,2023-08-28
성동구 ‘제8회서울숲힐링영화제’ 개최,https://view.asiae.co.kr/article/2023082707352079675,아시아경제,2023-08-27
‘서울숲재즈페스티벌 2023’ 9월 23·24일 개최,http://sports.khan.co.kr/news/sk_index.html?art_id=202308091815003&sec_id=560801&pt=nv,스포츠경향,2023-08-09
5월 4~18일까지 '봄봄서울숲축제' 진행…야외공연열린다,https://www.news1.kr/articles/5394351,뉴스1,2024-04-24
서울숲야간축제 `야호夜好!서울숲` 개최,https://kizmom.hankyung.com/news/view.html?aid=202308033376o,키즈맘,2023-08-03
"성동구, 17일서울숲힙합&뮤직 페스티벌",https://www.siminilbo.co.kr/news/newsview.php?ncode=1160291175405138,시민일보,2023-06-14
"성동구,서울숲힙합&뮤직 페스티벌 큰 장 연다",https://view.asiae.co.kr/article/2023061307362393939,아시아경제,2023-06-13
"[오피니언] 처음 느껴보는 '판소리'의 미감, 우아함과 세련됨 - 대접전: 춘향...",https://www.artinsight.co.kr/news/view.php?no=69905,아트인사이트,2024-05-06
청정 힙합 에너지 충전! 2023 '서울숲힙합&뮤직 페스티벌' 개최,https://www.gukjenews.com/news/articleView.html?idxno=2738787,국제뉴스,2023-06-11
2023 '서울숲힙합&뮤직 페스티벌' 개최,http://www.enewstoday.co.kr/news/articleView.html?idxno=2008138,이뉴스투데이,2023-06-09
"성동문화재단, '서울숲힙합&뮤직 페스티벌' 개최… ""힙합 에너지 시민 일상 ...",http://www.sctoday.co.kr/news/articleView.html?idxno=40904,서울문화투데이,2023-06-12
광화문광장·서울숲·잠수교 등 도심 50곳서 거리공연2240회 펼쳐진다,https://www.news1.kr/articles/5388468,뉴스1,2024-04-18
[어린이날 가볼만한곳 서울 편] 디자인 동물원→서울숲...축제 PICK 5,https://www.mhns.co.kr/news/articleView.html?idxno=587024,문화뉴스,2024-05-04
1만ℓ 물·와이어 곡예…화려한 비주얼로 압도하는 가을공연들,https://www.yna.co.kr/view/AKR20231019180000005?input=1195m,연합뉴스,2023-10-21
넌버벌 아트 퍼포먼스 '푸에르자 부르타' 10주년공연,https://www.yna.co.kr/view/AKR20230911137900005?input=1195m,연합뉴스,2023-09-12
서울숲에서 '음악이 흐르는 정원'…뮤직 콘서트,https://www.news1.kr/articles/5396374,뉴스1,2024-04-25
‘숲트리머’들의 ‘숲가락’ 기부…SOOP의 이색 퍼네이션 캠페인 눈길,https://economist.co.kr/article/view/ecn202406030016,이코노미스트,2024-06-04
독서의 계절 맞아 진주에서 파주까지 북페티벌 이어져,http://sports.khan.co.kr/news/sk_index.html?art_id=202310231724003&sec_id=560101&pt=nv,스포츠경향,2023-10-23
"성동구, 26일서울숲야외무대서 장애인의 날 행사",https://www.siminilbo.co.kr/news/newsview.php?ncode=1160283457713254,시민일보,2024-04-25
"'제1회 K-어싱 축제', 시민과 함께한 맨발축제 성공적인 개최",http://www.fntoday.co.kr/news/articleView.html?idxno=322012,파이낸스투데이,2024-06-05
"[Special Interview]정원오 성동구청장 ""구민이 주체되어, 누구나 누리는 '스...",http://www.sctoday.co.kr/news/articleView.html?idxno=41474,서울문화투데이,2023-09-13
"도심·섬·항구 어디로 갈까… 낭만 재즈, 가을 물들이다",http://www.segye.com/content/html/2023/08/21/20230821512571.html?OutUrl=naver,세계일보,2024-06-06
"제1회 K-어싱 축제, 시민과 함께한 맨발축제 성공적인 개최",https://www.gukjenews.com/news/articleView.html?idxno=3009779,국제뉴스,2024-06-04
5월 '가정의 달' 모이면...저렴해지는공연4선 공개,http://www.newstnt.com/news/articleView.html?idxno=367558,뉴스티앤티,2024-04-30
"[데일리 IT 단신] LGU+, 광고 플랫폼 AI 탑재…“자동 성과분석” 外",https://biz.newdaily.co.kr/site/data/html/2024/06/03/2024060300155.html,뉴데일리,2024-06-04
"구미경 서울시의원, 주민들과 함께 ‘꿈의 오케스트라’ 연주 관람",https://www.seoul.co.kr/news/publicnews/local_govern/smc_movement/2024/06/04/20240604500039?wlog_tag3=naver,서울신문,2024-06-05
"서울시, 올해 도심 50곳에서 거리공연2240회 선보인다",https://www.gukjenews.com/news/articleView.html?idxno=2974315,국제뉴스,2024-04-21
이제 K-어싱 시대…누구나 맨발로 걷는 축제 열린다,https://www.mk.co.kr/article/11028597,매일경제,2024-05-31
황금연휴 해외여행 계획 늦었다면... 어린이날 가볼 만한 국내 여행지,https://www.ajunews.com/view/20240503150013880,아주경제,2024-05-04
엔시티위시의 ‘위시 리스트’ “엔시티 합동공연열고 싶어요” [SS인터뷰],https://www.sportsseoul.com/news/read/1415994?ref=naver,스포츠서울,2024-04-05
주말 어린이날 대체공휴일 서울전역에서 다채로운 축제와 행사 열려,https://www.lecturernews.com/news/articleView.html?idxno=151590,한국강사신문,2024-05-01
[단독]서울숲역 초역세권 장미아파트 재건축 속도낸다…사업시행인가,http://news.mk.co.kr/newsRead.php?no=715878&year=2021,매일경제언론사 선정,2024-06-06
서울숲일대 '뉴욕 브루클린'처럼 바뀐다,https://www.hankyung.com/realestate/article/2021022307541,한국경제,2024-06-06
"[4월 24일(수) 오늘, 서울시] 가정의 달 맞아 풍성한 문화행사 개최",https://www.dailian.co.kr/news/view/1354258/?sc=Naver,데일리안,2024-04-24
"서울시,서울숲겨울축제 '서울숲따숲네 살롱' 12.1.(금)~12.10.(일) 개최",https://www.discoverynews.kr/news/articleView.html?idxno=1036412,디스커버리뉴스,2023-11-25
"서울시, 겨울축제 '서울숲따숲네 살롱' 12월 1일 개최",https://www.psnews.co.kr/news/articleView.html?idxno=2039360,퍼블릭뉴스,2023-11-24
"서울시, '서울숲따숲네 살롱' 12월부터 개최…겨울 감성 축제 열린다",https://www.thepublic.kr/news/articleView.html?idxno=208725,더퍼블릭,2023-11-26
'2030 자유통일광장'서울숲서 개최…탈북민 예술가공연,https://www.yna.co.kr/view/AKR20231005138200504?input=1195m,연합뉴스,2023-10-05
[Music] 셰임(Shame) 4월 내한공연& 정재민 [The World Of Us] 발매,http://mbn.mk.co.kr/pages/news/newsView.php?category=mbn00007&news_seq_no=5007072,MBN,2024-02-29
